author,url,subreddit,search,debt,don,just,like,loan,make,pay,people,student,wa,year
soccerorfootie,https://www.reddit.com/r/unusual_whales/comments/1hks78a/breaking_biden_administration_has_officially/,unusual_whales,student_loan_forgiveness,0,0,0,0,1,0,0,0,1,0,0
HashRunner,https://www.reddit.com/r/unusual_whales/comments/1hks78a/breaking_biden_administration_has_officially/,unusual_whales,student_loan_forgiveness,0,0,0,0,2,1,0,0,2,1,0
bearbear0723,https://www.reddit.com/r/unusual_whales/comments/1hks78a/breaking_biden_administration_has_officially/,unusual_whales,student_loan_forgiveness,0,0,0,0,0,0,0,1,0,0,0
lalatina169,https://www.reddit.com/r/unusual_whales/comments/1hks78a/breaking_biden_administration_has_officially/,unusual_whales,student_loan_forgiveness,0,0,0,0,0,2,0,0,0,1,0
Stunning-Use-7052,https://www.reddit.com/r/unusual_whales/comments/1hks78a/breaking_biden_administration_has_officially/,unusual_whales,student_loan_forgiveness,0,0,0,0,2,0,0,0,0,0,0
No_Poet_9767,https://www.reddit.com/r/unusual_whales/comments/1hks78a/breaking_biden_administration_has_officially/,unusual_whales,student_loan_forgiveness,0,0,0,0,0,0,0,0,0,0,0
apenchantfortrolling,https://www.reddit.com/r/unusual_whales/comments/1hks78a/breaking_biden_administration_has_officially/,unusual_whales,student_loan_forgiveness,0,0,0,0,1,0,0,1,0,2,0
Dreamer1317,https://www.reddit.com/r/unusual_whales/comments/1hks78a/breaking_biden_administration_has_officially/,unusual_whales,student_loan_forgiveness,0,0,0,0,0,1,0,0,0,0,1
ThisGuyLovesSunshine,https://www.reddit.com/r/unusual_whales/comments/1hks78a/breaking_biden_administration_has_officially/,unusual_whales,student_loan_forgiveness,0,0,0,0,0,0,0,0,0,0,1
Elloby,https://www.reddit.com/r/unusual_whales/comments/1hks78a/breaking_biden_administration_has_officially/,unusual_whales,student_loan_forgiveness,1,0,0,0,0,0,0,0,0,0,0
