Author,Predicted Bias Three,Threshold Three,Predicted Bias Two,Threshold Two,Threshold,Conclusion
-CJF-,Center,1.0,Left,0.999999999445606,0.999999999445606,Lean Left
42Pockets,Left,0.9999765874042424,Left,0.999999497394198,0.9999760848102077,Left
AffectionatePause152,Center,1.0,Left,0.9999996613164518,0.9999996613164518,Lean Left
Alternative-Rub-7445,Center,1.0,Left,1.0,1.0,Lean Left
Deepthunkd,Center,1.0,Left,0.9999999950337042,0.9999999950337042,Lean Left
Deutsche_Bank_AG,Center,1.0,Left,1.0,1.0,Lean Left
EmergencyThing5,Center,1.0,Left,0.9998931199489772,0.9998931199489772,Lean Left
Expensive-Annual1024,Center,1.0,Left,0.9999976602131344,0.9999976602131344,Lean Left
Flaky-Wing2205,Center,1.0,Left,0.9998638681030372,0.9998638681030372,Lean Left
HyruleSmash855,Center,1.0,Right,0.9999997483355716,0.9999997483355716,Lean Right
Idea-Technical,Center,0.999999999987608,Left,0.9999999999986926,0.9999999999863006,Lean Left
Impressive-Peanut614,Center,1.0,Left,0.9999999947104924,0.9999999947104924,Lean Left
Leann004,Center,1.0,Left,1.0,1.0,Lean Left
LeetleBugg,Center,1.0,Left,1.0,1.0,Lean Left
Logical_Holiday_2457,Center,1.0,Left,0.9999977939132696,0.9999977939132696,Lean Left
Ok-Nefariousness-927,Center,1.0,Left,0.9795377294561576,0.9795377294561576,Lean Left
OrangeTabbiesDad,Center,0.7876532614226649,Left,0.9999999999987494,0.7876532614216799,Lean Left
PandaKing6887,Center,1.0,Left,0.9999999415516656,0.9999999415516656,Lean Left
Relevant-Platypus162,Center,0.9999999999998864,Left,0.9999997560859426,0.999999756085829,Lean Left
SD-777,Center,1.0,Left,0.9999866235681276,0.9999866235681276,Lean Left
TldrDev,Center,1.0,Left,0.9999999999798774,0.9999999999798774,Lean Left
Ut_Prosim,Center,1.0,Left,0.999997850540276,0.999997850540276,Lean Left
arinehim,Left,0.9978143094604998,Left,0.9999999640369884,0.9978142735760922,Left
baby-luvs-gorgonzola,Center,1.0,Left,0.9956835049778474,0.9956835049778474,Lean Left
blueskyandsea,Center,0.9999995258982596,Left,0.9999999994120116,0.9999995253102715,Lean Left
burner12077,Center,1.0,Left,1.0,1.0,Lean Left
codece,Center,1.0,Left,0.9999999999933208,0.9999999999933208,Lean Left
embiggenedmind,Right,0.9999489839117276,Left,0.9999586384965108,0.9999076245183405,Center
girl_of_squirrels,Center,1.0,Left,0.9999995589686086,0.9999995589686086,Lean Left
horsebycommittee,Center,1.0,Right,0.949572853130326,0.949572853130326,Lean Right
hotjambalaya17,Center,1.0,Left,0.9870565418894705,0.9870565418894705,Lean Left
indy1386,Center,1.0,Left,0.9999999999990904,0.9999999999990904,Lean Left
ironboy157,Center,1.0,Left,0.9999999999998864,0.9999999999998864,Lean Left
kungfuenglish,Center,1.0,Left,0.999999999998522,0.999999999998522,Lean Left
milespoints,Center,1.0,Left,0.9999999999852208,0.9999999999852208,Lean Left
mindmapsofficial,Center,1.0,Left,0.9999999987974206,0.9999999987974206,Lean Left
mlotto7,Center,1.0,Left,0.9999999871303088,0.9999999871303088,Lean Left
mxzf,Center,1.0,Left,0.9999999862907316,0.9999999862907316,Lean Left
random-bot-2,Center,1.0,Left,1.0,1.0,Lean Left
robotlasagna,Center,1.0,Right,0.993708275642278,0.993708275642278,Lean Right
snoopyvibes,Center,1.0,Left,0.9999999999842544,0.9999999999842544,Lean Left
throwawtphone,Center,1.0,Right,1.0,1.0,Lean Right
tizuby,Center,1.0,Right,0.5564443360303643,0.5564443360303643,Lean Right
urLocalpoopstain,Center,1.0,Left,0.9999999999998296,0.9999999999998296,Lean Left
waterwicca,Center,1.0,Left,0.999999999971493,0.999999999971493,Lean Left
wes7946,Center,1.0,Right,0.9999921808294966,0.9999921808294966,Lean Right
xantharia,Center,1.0,Left,1.0,1.0,Lean Left
